{
  "train": {
    "dice": 0.8712356297969818,
    "iou": 0.772217888712883,
    "precision": 0.8851961880922318,
    "recall": 0.857993956208229,
    "f1": 0.8712356314659119
  },
  "val": {
    "dice": 0.8747814807891846,
    "iou": 0.777704312324524,
    "precision": 0.8866458859443664,
    "recall": 0.863477578163147,
    "f1": 0.8747814745903015
  },
  "test": {
    "dice": 0.8709449105262757,
    "iou": 0.7717403483390808,
    "precision": 0.885011664390564,
    "recall": 0.857639283657074,
    "f1": 0.8709449191093445
  },
  "best_val_dice": 0.8747814807891846,
  "total_epochs": 50,
  "total_time_s": 26879.1
}